image,label
data\Dataset_BUSI_with_GT\benign\benign (1).png,1
data\Dataset_BUSI_with_GT\benign\benign (10).png,1
data\Dataset_BUSI_with_GT\benign\benign (100).png,1
data\Dataset_BUSI_with_GT\benign\benign (101).png,1
data\Dataset_BUSI_with_GT\benign\benign (102).png,1
data\Dataset_BUSI_with_GT\benign\benign (103).png,1
data\Dataset_BUSI_with_GT\benign\benign (104).png,1
data\Dataset_BUSI_with_GT\benign\benign (105).png,1
data\Dataset_BUSI_with_GT\benign\benign (106).png,1
data\Dataset_BUSI_with_GT\benign\benign (107).png,1
data\Dataset_BUSI_with_GT\benign\benign (108).png,1
data\Dataset_BUSI_with_GT\benign\benign (109).png,1
data\Dataset_BUSI_with_GT\benign\benign (11).png,1
data\Dataset_BUSI_with_GT\benign\benign (110).png,1
data\Dataset_BUSI_with_GT\benign\benign (111).png,1
data\Dataset_BUSI_with_GT\benign\benign (112).png,1
data\Dataset_BUSI_with_GT\benign\benign (113).png,1
data\Dataset_BUSI_with_GT\benign\benign (114).png,1
data\Dataset_BUSI_with_GT\benign\benign (115).png,1
data\Dataset_BUSI_with_GT\benign\benign (116).png,1
data\Dataset_BUSI_with_GT\benign\benign (117).png,1
data\Dataset_BUSI_with_GT\benign\benign (118).png,1
data\Dataset_BUSI_with_GT\benign\benign (119).png,1
data\Dataset_BUSI_with_GT\benign\benign (12).png,1
data\Dataset_BUSI_with_GT\benign\benign (120).png,1
data\Dataset_BUSI_with_GT\benign\benign (121).png,1
data\Dataset_BUSI_with_GT\benign\benign (122).png,1
data\Dataset_BUSI_with_GT\benign\benign (123).png,1
data\Dataset_BUSI_with_GT\benign\benign (124).png,1
data\Dataset_BUSI_with_GT\benign\benign (125).png,1
data\Dataset_BUSI_with_GT\benign\benign (126).png,1
data\Dataset_BUSI_with_GT\benign\benign (127).png,1
data\Dataset_BUSI_with_GT\benign\benign (128).png,1
data\Dataset_BUSI_with_GT\benign\benign (129).png,1
data\Dataset_BUSI_with_GT\benign\benign (13).png,1
data\Dataset_BUSI_with_GT\benign\benign (130).png,1
data\Dataset_BUSI_with_GT\benign\benign (131).png,1
data\Dataset_BUSI_with_GT\benign\benign (132).png,1
data\Dataset_BUSI_with_GT\benign\benign (133).png,1
data\Dataset_BUSI_with_GT\benign\benign (134).png,1
data\Dataset_BUSI_with_GT\benign\benign (135).png,1
data\Dataset_BUSI_with_GT\benign\benign (136).png,1
data\Dataset_BUSI_with_GT\benign\benign (137).png,1
data\Dataset_BUSI_with_GT\benign\benign (138).png,1
data\Dataset_BUSI_with_GT\benign\benign (139).png,1
data\Dataset_BUSI_with_GT\benign\benign (14).png,1
data\Dataset_BUSI_with_GT\benign\benign (140).png,1
data\Dataset_BUSI_with_GT\benign\benign (141).png,1
data\Dataset_BUSI_with_GT\benign\benign (142).png,1
data\Dataset_BUSI_with_GT\benign\benign (143).png,1
data\Dataset_BUSI_with_GT\benign\benign (144).png,1
data\Dataset_BUSI_with_GT\benign\benign (145).png,1
data\Dataset_BUSI_with_GT\benign\benign (146).png,1
data\Dataset_BUSI_with_GT\benign\benign (147).png,1
data\Dataset_BUSI_with_GT\benign\benign (148).png,1
data\Dataset_BUSI_with_GT\benign\benign (149).png,1
data\Dataset_BUSI_with_GT\benign\benign (15).png,1
data\Dataset_BUSI_with_GT\benign\benign (150).png,1
data\Dataset_BUSI_with_GT\benign\benign (151).png,1
data\Dataset_BUSI_with_GT\benign\benign (152).png,1
data\Dataset_BUSI_with_GT\benign\benign (153).png,1
data\Dataset_BUSI_with_GT\benign\benign (154).png,1
data\Dataset_BUSI_with_GT\benign\benign (155).png,1
data\Dataset_BUSI_with_GT\benign\benign (156).png,1
data\Dataset_BUSI_with_GT\benign\benign (157).png,1
data\Dataset_BUSI_with_GT\benign\benign (158).png,1
data\Dataset_BUSI_with_GT\benign\benign (159).png,1
data\Dataset_BUSI_with_GT\benign\benign (16).png,1
data\Dataset_BUSI_with_GT\benign\benign (160).png,1
data\Dataset_BUSI_with_GT\benign\benign (161).png,1
data\Dataset_BUSI_with_GT\benign\benign (162).png,1
data\Dataset_BUSI_with_GT\benign\benign (163).png,1
data\Dataset_BUSI_with_GT\benign\benign (164).png,1
data\Dataset_BUSI_with_GT\benign\benign (165).png,1
data\Dataset_BUSI_with_GT\benign\benign (166).png,1
data\Dataset_BUSI_with_GT\benign\benign (167).png,1
data\Dataset_BUSI_with_GT\benign\benign (168).png,1
data\Dataset_BUSI_with_GT\benign\benign (169).png,1
data\Dataset_BUSI_with_GT\benign\benign (17).png,1
data\Dataset_BUSI_with_GT\benign\benign (170).png,1
data\Dataset_BUSI_with_GT\benign\benign (171).png,1
data\Dataset_BUSI_with_GT\benign\benign (172).png,1
data\Dataset_BUSI_with_GT\benign\benign (173).png,1
data\Dataset_BUSI_with_GT\benign\benign (174).png,1
data\Dataset_BUSI_with_GT\benign\benign (175).png,1
data\Dataset_BUSI_with_GT\benign\benign (176).png,1
data\Dataset_BUSI_with_GT\benign\benign (177).png,1
data\Dataset_BUSI_with_GT\benign\benign (178).png,1
data\Dataset_BUSI_with_GT\benign\benign (179).png,1
data\Dataset_BUSI_with_GT\benign\benign (18).png,1
data\Dataset_BUSI_with_GT\benign\benign (180).png,1
data\Dataset_BUSI_with_GT\benign\benign (181).png,1
data\Dataset_BUSI_with_GT\benign\benign (182).png,1
data\Dataset_BUSI_with_GT\benign\benign (183).png,1
data\Dataset_BUSI_with_GT\benign\benign (184).png,1
data\Dataset_BUSI_with_GT\benign\benign (185).png,1
data\Dataset_BUSI_with_GT\benign\benign (186).png,1
data\Dataset_BUSI_with_GT\benign\benign (187).png,1
data\Dataset_BUSI_with_GT\benign\benign (188).png,1
data\Dataset_BUSI_with_GT\benign\benign (189).png,1
data\Dataset_BUSI_with_GT\benign\benign (19).png,1
data\Dataset_BUSI_with_GT\benign\benign (190).png,1
data\Dataset_BUSI_with_GT\benign\benign (191).png,1
data\Dataset_BUSI_with_GT\benign\benign (192).png,1
data\Dataset_BUSI_with_GT\benign\benign (193).png,1
data\Dataset_BUSI_with_GT\benign\benign (194).png,1
data\Dataset_BUSI_with_GT\benign\benign (195).png,1
data\Dataset_BUSI_with_GT\benign\benign (196).png,1
data\Dataset_BUSI_with_GT\benign\benign (197).png,1
data\Dataset_BUSI_with_GT\benign\benign (198).png,1
data\Dataset_BUSI_with_GT\benign\benign (199).png,1
data\Dataset_BUSI_with_GT\benign\benign (2).png,1
data\Dataset_BUSI_with_GT\benign\benign (20).png,1
data\Dataset_BUSI_with_GT\benign\benign (200).png,1
data\Dataset_BUSI_with_GT\benign\benign (201).png,1
data\Dataset_BUSI_with_GT\benign\benign (202).png,1
data\Dataset_BUSI_with_GT\benign\benign (203).png,1
data\Dataset_BUSI_with_GT\benign\benign (204).png,1
data\Dataset_BUSI_with_GT\benign\benign (205).png,1
data\Dataset_BUSI_with_GT\benign\benign (206).png,1
data\Dataset_BUSI_with_GT\benign\benign (207).png,1
data\Dataset_BUSI_with_GT\benign\benign (208).png,1
data\Dataset_BUSI_with_GT\benign\benign (209).png,1
data\Dataset_BUSI_with_GT\benign\benign (21).png,1
data\Dataset_BUSI_with_GT\benign\benign (210).png,1
data\Dataset_BUSI_with_GT\benign\benign (211).png,1
data\Dataset_BUSI_with_GT\benign\benign (212).png,1
data\Dataset_BUSI_with_GT\benign\benign (213).png,1
data\Dataset_BUSI_with_GT\benign\benign (214).png,1
data\Dataset_BUSI_with_GT\benign\benign (215).png,1
data\Dataset_BUSI_with_GT\benign\benign (216).png,1
data\Dataset_BUSI_with_GT\benign\benign (217).png,1
data\Dataset_BUSI_with_GT\benign\benign (218).png,1
data\Dataset_BUSI_with_GT\benign\benign (219).png,1
data\Dataset_BUSI_with_GT\benign\benign (22).png,1
data\Dataset_BUSI_with_GT\benign\benign (220).png,1
data\Dataset_BUSI_with_GT\benign\benign (221).png,1
data\Dataset_BUSI_with_GT\benign\benign (222).png,1
data\Dataset_BUSI_with_GT\benign\benign (223).png,1
data\Dataset_BUSI_with_GT\benign\benign (224).png,1
data\Dataset_BUSI_with_GT\benign\benign (225).png,1
data\Dataset_BUSI_with_GT\benign\benign (226).png,1
data\Dataset_BUSI_with_GT\benign\benign (227).png,1
data\Dataset_BUSI_with_GT\benign\benign (228).png,1
data\Dataset_BUSI_with_GT\benign\benign (229).png,1
data\Dataset_BUSI_with_GT\benign\benign (23).png,1
data\Dataset_BUSI_with_GT\benign\benign (230).png,1
data\Dataset_BUSI_with_GT\benign\benign (231).png,1
data\Dataset_BUSI_with_GT\benign\benign (232).png,1
data\Dataset_BUSI_with_GT\benign\benign (233).png,1
data\Dataset_BUSI_with_GT\benign\benign (234).png,1
data\Dataset_BUSI_with_GT\benign\benign (235).png,1
data\Dataset_BUSI_with_GT\benign\benign (236).png,1
data\Dataset_BUSI_with_GT\benign\benign (237).png,1
data\Dataset_BUSI_with_GT\benign\benign (238).png,1
data\Dataset_BUSI_with_GT\benign\benign (239).png,1
data\Dataset_BUSI_with_GT\benign\benign (24).png,1
data\Dataset_BUSI_with_GT\benign\benign (240).png,1
data\Dataset_BUSI_with_GT\benign\benign (241).png,1
data\Dataset_BUSI_with_GT\benign\benign (242).png,1
data\Dataset_BUSI_with_GT\benign\benign (243).png,1
data\Dataset_BUSI_with_GT\benign\benign (244).png,1
data\Dataset_BUSI_with_GT\benign\benign (245).png,1
data\Dataset_BUSI_with_GT\benign\benign (246).png,1
data\Dataset_BUSI_with_GT\benign\benign (247).png,1
data\Dataset_BUSI_with_GT\benign\benign (248).png,1
data\Dataset_BUSI_with_GT\benign\benign (249).png,1
data\Dataset_BUSI_with_GT\benign\benign (25).png,1
data\Dataset_BUSI_with_GT\benign\benign (250).png,1
data\Dataset_BUSI_with_GT\benign\benign (251).png,1
data\Dataset_BUSI_with_GT\benign\benign (252).png,1
data\Dataset_BUSI_with_GT\benign\benign (253).png,1
data\Dataset_BUSI_with_GT\benign\benign (254).png,1
data\Dataset_BUSI_with_GT\benign\benign (255).png,1
data\Dataset_BUSI_with_GT\benign\benign (256).png,1
data\Dataset_BUSI_with_GT\benign\benign (257).png,1
data\Dataset_BUSI_with_GT\benign\benign (258).png,1
data\Dataset_BUSI_with_GT\benign\benign (259).png,1
data\Dataset_BUSI_with_GT\benign\benign (26).png,1
data\Dataset_BUSI_with_GT\benign\benign (260).png,1
data\Dataset_BUSI_with_GT\benign\benign (261).png,1
data\Dataset_BUSI_with_GT\benign\benign (262).png,1
data\Dataset_BUSI_with_GT\benign\benign (263).png,1
data\Dataset_BUSI_with_GT\benign\benign (264).png,1
data\Dataset_BUSI_with_GT\benign\benign (265).png,1
data\Dataset_BUSI_with_GT\benign\benign (266).png,1
data\Dataset_BUSI_with_GT\benign\benign (267).png,1
data\Dataset_BUSI_with_GT\benign\benign (268).png,1
data\Dataset_BUSI_with_GT\benign\benign (269).png,1
data\Dataset_BUSI_with_GT\benign\benign (27).png,1
data\Dataset_BUSI_with_GT\benign\benign (270).png,1
data\Dataset_BUSI_with_GT\benign\benign (271).png,1
data\Dataset_BUSI_with_GT\benign\benign (272).png,1
data\Dataset_BUSI_with_GT\benign\benign (273).png,1
data\Dataset_BUSI_with_GT\benign\benign (274).png,1
data\Dataset_BUSI_with_GT\benign\benign (275).png,1
data\Dataset_BUSI_with_GT\benign\benign (276).png,1
data\Dataset_BUSI_with_GT\benign\benign (277).png,1
data\Dataset_BUSI_with_GT\benign\benign (278).png,1
data\Dataset_BUSI_with_GT\benign\benign (279).png,1
data\Dataset_BUSI_with_GT\benign\benign (28).png,1
data\Dataset_BUSI_with_GT\benign\benign (280).png,1
data\Dataset_BUSI_with_GT\benign\benign (281).png,1
data\Dataset_BUSI_with_GT\benign\benign (282).png,1
data\Dataset_BUSI_with_GT\benign\benign (283).png,1
data\Dataset_BUSI_with_GT\benign\benign (284).png,1
data\Dataset_BUSI_with_GT\benign\benign (285).png,1
data\Dataset_BUSI_with_GT\benign\benign (286).png,1
data\Dataset_BUSI_with_GT\benign\benign (287).png,1
data\Dataset_BUSI_with_GT\benign\benign (288).png,1
data\Dataset_BUSI_with_GT\benign\benign (289).png,1
data\Dataset_BUSI_with_GT\benign\benign (29).png,1
data\Dataset_BUSI_with_GT\benign\benign (290).png,1
data\Dataset_BUSI_with_GT\benign\benign (291).png,1
data\Dataset_BUSI_with_GT\benign\benign (292).png,1
data\Dataset_BUSI_with_GT\benign\benign (293).png,1
data\Dataset_BUSI_with_GT\benign\benign (294).png,1
data\Dataset_BUSI_with_GT\benign\benign (295).png,1
data\Dataset_BUSI_with_GT\benign\benign (296).png,1
data\Dataset_BUSI_with_GT\benign\benign (297).png,1
data\Dataset_BUSI_with_GT\benign\benign (298).png,1
data\Dataset_BUSI_with_GT\benign\benign (299).png,1
data\Dataset_BUSI_with_GT\benign\benign (3).png,1
data\Dataset_BUSI_with_GT\benign\benign (30).png,1
data\Dataset_BUSI_with_GT\benign\benign (300).png,1
data\Dataset_BUSI_with_GT\benign\benign (301).png,1
data\Dataset_BUSI_with_GT\benign\benign (302).png,1
data\Dataset_BUSI_with_GT\benign\benign (303).png,1
data\Dataset_BUSI_with_GT\benign\benign (304).png,1
data\Dataset_BUSI_with_GT\benign\benign (305).png,1
data\Dataset_BUSI_with_GT\benign\benign (306).png,1
data\Dataset_BUSI_with_GT\benign\benign (307).png,1
data\Dataset_BUSI_with_GT\benign\benign (308).png,1
data\Dataset_BUSI_with_GT\benign\benign (309).png,1
data\Dataset_BUSI_with_GT\benign\benign (31).png,1
data\Dataset_BUSI_with_GT\benign\benign (310).png,1
data\Dataset_BUSI_with_GT\benign\benign (311).png,1
data\Dataset_BUSI_with_GT\benign\benign (312).png,1
data\Dataset_BUSI_with_GT\benign\benign (313).png,1
data\Dataset_BUSI_with_GT\benign\benign (314).png,1
data\Dataset_BUSI_with_GT\benign\benign (315).png,1
data\Dataset_BUSI_with_GT\benign\benign (316).png,1
data\Dataset_BUSI_with_GT\benign\benign (317).png,1
data\Dataset_BUSI_with_GT\benign\benign (318).png,1
data\Dataset_BUSI_with_GT\benign\benign (319).png,1
data\Dataset_BUSI_with_GT\benign\benign (32).png,1
data\Dataset_BUSI_with_GT\benign\benign (320).png,1
data\Dataset_BUSI_with_GT\benign\benign (321).png,1
data\Dataset_BUSI_with_GT\benign\benign (322).png,1
data\Dataset_BUSI_with_GT\benign\benign (323).png,1
data\Dataset_BUSI_with_GT\benign\benign (324).png,1
data\Dataset_BUSI_with_GT\benign\benign (325).png,1
data\Dataset_BUSI_with_GT\benign\benign (326).png,1
data\Dataset_BUSI_with_GT\benign\benign (327).png,1
data\Dataset_BUSI_with_GT\benign\benign (328).png,1
data\Dataset_BUSI_with_GT\benign\benign (329).png,1
data\Dataset_BUSI_with_GT\benign\benign (33).png,1
data\Dataset_BUSI_with_GT\benign\benign (330).png,1
data\Dataset_BUSI_with_GT\benign\benign (331).png,1
data\Dataset_BUSI_with_GT\benign\benign (332).png,1
data\Dataset_BUSI_with_GT\benign\benign (333).png,1
data\Dataset_BUSI_with_GT\benign\benign (334).png,1
data\Dataset_BUSI_with_GT\benign\benign (335).png,1
data\Dataset_BUSI_with_GT\benign\benign (336).png,1
data\Dataset_BUSI_with_GT\benign\benign (337).png,1
data\Dataset_BUSI_with_GT\benign\benign (338).png,1
data\Dataset_BUSI_with_GT\benign\benign (339).png,1
data\Dataset_BUSI_with_GT\benign\benign (34).png,1
data\Dataset_BUSI_with_GT\benign\benign (340).png,1
data\Dataset_BUSI_with_GT\benign\benign (341).png,1
data\Dataset_BUSI_with_GT\benign\benign (342).png,1
data\Dataset_BUSI_with_GT\benign\benign (343).png,1
data\Dataset_BUSI_with_GT\benign\benign (344).png,1
data\Dataset_BUSI_with_GT\benign\benign (345).png,1
data\Dataset_BUSI_with_GT\benign\benign (346).png,1
data\Dataset_BUSI_with_GT\benign\benign (347).png,1
data\Dataset_BUSI_with_GT\benign\benign (348).png,1
data\Dataset_BUSI_with_GT\benign\benign (349).png,1
data\Dataset_BUSI_with_GT\benign\benign (35).png,1
data\Dataset_BUSI_with_GT\benign\benign (350).png,1
data\Dataset_BUSI_with_GT\benign\benign (351).png,1
data\Dataset_BUSI_with_GT\benign\benign (352).png,1
data\Dataset_BUSI_with_GT\benign\benign (353).png,1
data\Dataset_BUSI_with_GT\benign\benign (354).png,1
data\Dataset_BUSI_with_GT\benign\benign (355).png,1
data\Dataset_BUSI_with_GT\benign\benign (356).png,1
data\Dataset_BUSI_with_GT\benign\benign (357).png,1
data\Dataset_BUSI_with_GT\benign\benign (358).png,1
data\Dataset_BUSI_with_GT\benign\benign (359).png,1
data\Dataset_BUSI_with_GT\benign\benign (36).png,1
data\Dataset_BUSI_with_GT\benign\benign (360).png,1
data\Dataset_BUSI_with_GT\benign\benign (361).png,1
data\Dataset_BUSI_with_GT\benign\benign (362).png,1
data\Dataset_BUSI_with_GT\benign\benign (363).png,1
data\Dataset_BUSI_with_GT\benign\benign (364).png,1
data\Dataset_BUSI_with_GT\benign\benign (365).png,1
data\Dataset_BUSI_with_GT\benign\benign (366).png,1
data\Dataset_BUSI_with_GT\benign\benign (367).png,1
data\Dataset_BUSI_with_GT\benign\benign (368).png,1
data\Dataset_BUSI_with_GT\benign\benign (369).png,1
data\Dataset_BUSI_with_GT\benign\benign (37).png,1
data\Dataset_BUSI_with_GT\benign\benign (370).png,1
data\Dataset_BUSI_with_GT\benign\benign (371).png,1
data\Dataset_BUSI_with_GT\benign\benign (372).png,1
data\Dataset_BUSI_with_GT\benign\benign (373).png,1
data\Dataset_BUSI_with_GT\benign\benign (374).png,1
data\Dataset_BUSI_with_GT\benign\benign (375).png,1
data\Dataset_BUSI_with_GT\benign\benign (376).png,1
data\Dataset_BUSI_with_GT\benign\benign (377).png,1
data\Dataset_BUSI_with_GT\benign\benign (378).png,1
data\Dataset_BUSI_with_GT\benign\benign (379).png,1
data\Dataset_BUSI_with_GT\benign\benign (38).png,1
data\Dataset_BUSI_with_GT\benign\benign (380).png,1
data\Dataset_BUSI_with_GT\benign\benign (381).png,1
data\Dataset_BUSI_with_GT\benign\benign (382).png,1
data\Dataset_BUSI_with_GT\benign\benign (383).png,1
data\Dataset_BUSI_with_GT\benign\benign (384).png,1
data\Dataset_BUSI_with_GT\benign\benign (385).png,1
data\Dataset_BUSI_with_GT\benign\benign (386).png,1
data\Dataset_BUSI_with_GT\benign\benign (387).png,1
data\Dataset_BUSI_with_GT\benign\benign (388).png,1
data\Dataset_BUSI_with_GT\benign\benign (389).png,1
data\Dataset_BUSI_with_GT\benign\benign (39).png,1
data\Dataset_BUSI_with_GT\benign\benign (390).png,1
data\Dataset_BUSI_with_GT\benign\benign (391).png,1
data\Dataset_BUSI_with_GT\benign\benign (392).png,1
data\Dataset_BUSI_with_GT\benign\benign (393).png,1
data\Dataset_BUSI_with_GT\benign\benign (394).png,1
data\Dataset_BUSI_with_GT\benign\benign (395).png,1
data\Dataset_BUSI_with_GT\benign\benign (396).png,1
data\Dataset_BUSI_with_GT\benign\benign (397).png,1
data\Dataset_BUSI_with_GT\benign\benign (398).png,1
data\Dataset_BUSI_with_GT\benign\benign (399).png,1
data\Dataset_BUSI_with_GT\benign\benign (4).png,1
data\Dataset_BUSI_with_GT\benign\benign (40).png,1
data\Dataset_BUSI_with_GT\benign\benign (400).png,1
data\Dataset_BUSI_with_GT\benign\benign (401).png,1
data\Dataset_BUSI_with_GT\benign\benign (402).png,1
data\Dataset_BUSI_with_GT\benign\benign (403).png,1
data\Dataset_BUSI_with_GT\benign\benign (404).png,1
data\Dataset_BUSI_with_GT\benign\benign (405).png,1
data\Dataset_BUSI_with_GT\benign\benign (406).png,1
data\Dataset_BUSI_with_GT\benign\benign (407).png,1
data\Dataset_BUSI_with_GT\benign\benign (408).png,1
data\Dataset_BUSI_with_GT\benign\benign (409).png,1
data\Dataset_BUSI_with_GT\benign\benign (41).png,1
data\Dataset_BUSI_with_GT\benign\benign (410).png,1
data\Dataset_BUSI_with_GT\benign\benign (411).png,1
data\Dataset_BUSI_with_GT\benign\benign (412).png,1
data\Dataset_BUSI_with_GT\benign\benign (413).png,1
data\Dataset_BUSI_with_GT\benign\benign (414).png,1
data\Dataset_BUSI_with_GT\benign\benign (415).png,1
data\Dataset_BUSI_with_GT\benign\benign (416).png,1
data\Dataset_BUSI_with_GT\benign\benign (417).png,1
data\Dataset_BUSI_with_GT\benign\benign (418).png,1
data\Dataset_BUSI_with_GT\benign\benign (419).png,1
data\Dataset_BUSI_with_GT\benign\benign (42).png,1
data\Dataset_BUSI_with_GT\benign\benign (420).png,1
data\Dataset_BUSI_with_GT\benign\benign (421).png,1
data\Dataset_BUSI_with_GT\benign\benign (422).png,1
data\Dataset_BUSI_with_GT\benign\benign (423).png,1
data\Dataset_BUSI_with_GT\benign\benign (424).png,1
data\Dataset_BUSI_with_GT\benign\benign (425).png,1
data\Dataset_BUSI_with_GT\benign\benign (426).png,1
data\Dataset_BUSI_with_GT\benign\benign (427).png,1
data\Dataset_BUSI_with_GT\benign\benign (428).png,1
data\Dataset_BUSI_with_GT\benign\benign (429).png,1
data\Dataset_BUSI_with_GT\benign\benign (43).png,1
data\Dataset_BUSI_with_GT\benign\benign (430).png,1
data\Dataset_BUSI_with_GT\benign\benign (431).png,1
data\Dataset_BUSI_with_GT\benign\benign (432).png,1
data\Dataset_BUSI_with_GT\benign\benign (433).png,1
data\Dataset_BUSI_with_GT\benign\benign (434).png,1
data\Dataset_BUSI_with_GT\benign\benign (435).png,1
data\Dataset_BUSI_with_GT\benign\benign (436).png,1
data\Dataset_BUSI_with_GT\benign\benign (437).png,1
data\Dataset_BUSI_with_GT\benign\benign (44).png,1
data\Dataset_BUSI_with_GT\benign\benign (45).png,1
data\Dataset_BUSI_with_GT\benign\benign (46).png,1
data\Dataset_BUSI_with_GT\benign\benign (47).png,1
data\Dataset_BUSI_with_GT\benign\benign (48).png,1
data\Dataset_BUSI_with_GT\benign\benign (49).png,1
data\Dataset_BUSI_with_GT\benign\benign (5).png,1
data\Dataset_BUSI_with_GT\benign\benign (50).png,1
data\Dataset_BUSI_with_GT\benign\benign (51).png,1
data\Dataset_BUSI_with_GT\benign\benign (52).png,1
data\Dataset_BUSI_with_GT\benign\benign (53).png,1
data\Dataset_BUSI_with_GT\benign\benign (54).png,1
data\Dataset_BUSI_with_GT\benign\benign (55).png,1
data\Dataset_BUSI_with_GT\benign\benign (56).png,1
data\Dataset_BUSI_with_GT\benign\benign (57).png,1
data\Dataset_BUSI_with_GT\benign\benign (58).png,1
data\Dataset_BUSI_with_GT\benign\benign (59).png,1
data\Dataset_BUSI_with_GT\benign\benign (6).png,1
data\Dataset_BUSI_with_GT\benign\benign (60).png,1
data\Dataset_BUSI_with_GT\benign\benign (61).png,1
data\Dataset_BUSI_with_GT\benign\benign (62).png,1
data\Dataset_BUSI_with_GT\benign\benign (63).png,1
data\Dataset_BUSI_with_GT\benign\benign (64).png,1
data\Dataset_BUSI_with_GT\benign\benign (65).png,1
data\Dataset_BUSI_with_GT\benign\benign (66).png,1
data\Dataset_BUSI_with_GT\benign\benign (67).png,1
data\Dataset_BUSI_with_GT\benign\benign (68).png,1
data\Dataset_BUSI_with_GT\benign\benign (69).png,1
data\Dataset_BUSI_with_GT\benign\benign (7).png,1
data\Dataset_BUSI_with_GT\benign\benign (70).png,1
data\Dataset_BUSI_with_GT\benign\benign (71).png,1
data\Dataset_BUSI_with_GT\benign\benign (72).png,1
data\Dataset_BUSI_with_GT\benign\benign (73).png,1
data\Dataset_BUSI_with_GT\benign\benign (74).png,1
data\Dataset_BUSI_with_GT\benign\benign (75).png,1
data\Dataset_BUSI_with_GT\benign\benign (76).png,1
data\Dataset_BUSI_with_GT\benign\benign (77).png,1
data\Dataset_BUSI_with_GT\benign\benign (78).png,1
data\Dataset_BUSI_with_GT\benign\benign (79).png,1
data\Dataset_BUSI_with_GT\benign\benign (8).png,1
data\Dataset_BUSI_with_GT\benign\benign (80).png,1
data\Dataset_BUSI_with_GT\benign\benign (81).png,1
data\Dataset_BUSI_with_GT\benign\benign (82).png,1
data\Dataset_BUSI_with_GT\benign\benign (83).png,1
data\Dataset_BUSI_with_GT\benign\benign (84).png,1
data\Dataset_BUSI_with_GT\benign\benign (85).png,1
data\Dataset_BUSI_with_GT\benign\benign (86).png,1
data\Dataset_BUSI_with_GT\benign\benign (87).png,1
data\Dataset_BUSI_with_GT\benign\benign (88).png,1
data\Dataset_BUSI_with_GT\benign\benign (89).png,1
data\Dataset_BUSI_with_GT\benign\benign (9).png,1
data\Dataset_BUSI_with_GT\benign\benign (90).png,1
data\Dataset_BUSI_with_GT\benign\benign (91).png,1
data\Dataset_BUSI_with_GT\benign\benign (92).png,1
data\Dataset_BUSI_with_GT\benign\benign (93).png,1
data\Dataset_BUSI_with_GT\benign\benign (94).png,1
data\Dataset_BUSI_with_GT\benign\benign (95).png,1
data\Dataset_BUSI_with_GT\benign\benign (96).png,1
data\Dataset_BUSI_with_GT\benign\benign (97).png,1
data\Dataset_BUSI_with_GT\benign\benign (98).png,1
data\Dataset_BUSI_with_GT\benign\benign (99).png,1
data\Dataset_BUSI_with_GT\malignant\malignant (1).png,2
data\Dataset_BUSI_with_GT\malignant\malignant (10).png,2
data\Dataset_BUSI_with_GT\malignant\malignant (100).png,2
data\Dataset_BUSI_with_GT\malignant\malignant (101).png,2
data\Dataset_BUSI_with_GT\malignant\malignant (102).png,2
data\Dataset_BUSI_with_GT\malignant\malignant (103).png,2
data\Dataset_BUSI_with_GT\malignant\malignant (104).png,2
data\Dataset_BUSI_with_GT\malignant\malignant (105).png,2
data\Dataset_BUSI_with_GT\malignant\malignant (106).png,2
data\Dataset_BUSI_with_GT\malignant\malignant (107).png,2
data\Dataset_BUSI_with_GT\malignant\malignant (108).png,2
data\Dataset_BUSI_with_GT\malignant\malignant (109).png,2
data\Dataset_BUSI_with_GT\malignant\malignant (11).png,2
data\Dataset_BUSI_with_GT\malignant\malignant (110).png,2
data\Dataset_BUSI_with_GT\malignant\malignant (111).png,2
data\Dataset_BUSI_with_GT\malignant\malignant (112).png,2
data\Dataset_BUSI_with_GT\malignant\malignant (113).png,2
data\Dataset_BUSI_with_GT\malignant\malignant (114).png,2
data\Dataset_BUSI_with_GT\malignant\malignant (115).png,2
data\Dataset_BUSI_with_GT\malignant\malignant (116).png,2
data\Dataset_BUSI_with_GT\malignant\malignant (117).png,2
data\Dataset_BUSI_with_GT\malignant\malignant (118).png,2
data\Dataset_BUSI_with_GT\malignant\malignant (119).png,2
data\Dataset_BUSI_with_GT\malignant\malignant (12).png,2
data\Dataset_BUSI_with_GT\malignant\malignant (120).png,2
data\Dataset_BUSI_with_GT\malignant\malignant (121).png,2
data\Dataset_BUSI_with_GT\malignant\malignant (122).png,2
data\Dataset_BUSI_with_GT\malignant\malignant (123).png,2
data\Dataset_BUSI_with_GT\malignant\malignant (124).png,2
data\Dataset_BUSI_with_GT\malignant\malignant (125).png,2
data\Dataset_BUSI_with_GT\malignant\malignant (126).png,2
data\Dataset_BUSI_with_GT\malignant\malignant (127).png,2
data\Dataset_BUSI_with_GT\malignant\malignant (128).png,2
data\Dataset_BUSI_with_GT\malignant\malignant (129).png,2
data\Dataset_BUSI_with_GT\malignant\malignant (13).png,2
data\Dataset_BUSI_with_GT\malignant\malignant (130).png,2
data\Dataset_BUSI_with_GT\malignant\malignant (131).png,2
data\Dataset_BUSI_with_GT\malignant\malignant (132).png,2
data\Dataset_BUSI_with_GT\malignant\malignant (133).png,2
data\Dataset_BUSI_with_GT\malignant\malignant (134).png,2
data\Dataset_BUSI_with_GT\malignant\malignant (135).png,2
data\Dataset_BUSI_with_GT\malignant\malignant (136).png,2
data\Dataset_BUSI_with_GT\malignant\malignant (137).png,2
data\Dataset_BUSI_with_GT\malignant\malignant (138).png,2
data\Dataset_BUSI_with_GT\malignant\malignant (139).png,2
data\Dataset_BUSI_with_GT\malignant\malignant (14).png,2
data\Dataset_BUSI_with_GT\malignant\malignant (140).png,2
data\Dataset_BUSI_with_GT\malignant\malignant (141).png,2
data\Dataset_BUSI_with_GT\malignant\malignant (142).png,2
data\Dataset_BUSI_with_GT\malignant\malignant (143).png,2
data\Dataset_BUSI_with_GT\malignant\malignant (144).png,2
data\Dataset_BUSI_with_GT\malignant\malignant (145).png,2
data\Dataset_BUSI_with_GT\malignant\malignant (146).png,2
data\Dataset_BUSI_with_GT\malignant\malignant (147).png,2
data\Dataset_BUSI_with_GT\malignant\malignant (148).png,2
data\Dataset_BUSI_with_GT\malignant\malignant (149).png,2
data\Dataset_BUSI_with_GT\malignant\malignant (15).png,2
data\Dataset_BUSI_with_GT\malignant\malignant (150).png,2
data\Dataset_BUSI_with_GT\malignant\malignant (151).png,2
data\Dataset_BUSI_with_GT\malignant\malignant (152).png,2
data\Dataset_BUSI_with_GT\malignant\malignant (153).png,2
data\Dataset_BUSI_with_GT\malignant\malignant (154).png,2
data\Dataset_BUSI_with_GT\malignant\malignant (155).png,2
data\Dataset_BUSI_with_GT\malignant\malignant (156).png,2
data\Dataset_BUSI_with_GT\malignant\malignant (157).png,2
data\Dataset_BUSI_with_GT\malignant\malignant (158).png,2
data\Dataset_BUSI_with_GT\malignant\malignant (159).png,2
data\Dataset_BUSI_with_GT\malignant\malignant (16).png,2
data\Dataset_BUSI_with_GT\malignant\malignant (160).png,2
data\Dataset_BUSI_with_GT\malignant\malignant (161).png,2
data\Dataset_BUSI_with_GT\malignant\malignant (162).png,2
data\Dataset_BUSI_with_GT\malignant\malignant (163).png,2
data\Dataset_BUSI_with_GT\malignant\malignant (164).png,2
data\Dataset_BUSI_with_GT\malignant\malignant (165).png,2
data\Dataset_BUSI_with_GT\malignant\malignant (166).png,2
data\Dataset_BUSI_with_GT\malignant\malignant (167).png,2
data\Dataset_BUSI_with_GT\malignant\malignant (168).png,2
data\Dataset_BUSI_with_GT\malignant\malignant (169).png,2
data\Dataset_BUSI_with_GT\malignant\malignant (17).png,2
data\Dataset_BUSI_with_GT\malignant\malignant (170).png,2
data\Dataset_BUSI_with_GT\malignant\malignant (171).png,2
data\Dataset_BUSI_with_GT\malignant\malignant (172).png,2
data\Dataset_BUSI_with_GT\malignant\malignant (173).png,2
data\Dataset_BUSI_with_GT\malignant\malignant (174).png,2
data\Dataset_BUSI_with_GT\malignant\malignant (175).png,2
data\Dataset_BUSI_with_GT\malignant\malignant (176).png,2
data\Dataset_BUSI_with_GT\malignant\malignant (177).png,2
data\Dataset_BUSI_with_GT\malignant\malignant (178).png,2
data\Dataset_BUSI_with_GT\malignant\malignant (179).png,2
data\Dataset_BUSI_with_GT\malignant\malignant (18).png,2
data\Dataset_BUSI_with_GT\malignant\malignant (180).png,2
data\Dataset_BUSI_with_GT\malignant\malignant (181).png,2
data\Dataset_BUSI_with_GT\malignant\malignant (182).png,2
data\Dataset_BUSI_with_GT\malignant\malignant (183).png,2
data\Dataset_BUSI_with_GT\malignant\malignant (184).png,2
data\Dataset_BUSI_with_GT\malignant\malignant (185).png,2
data\Dataset_BUSI_with_GT\malignant\malignant (186).png,2
data\Dataset_BUSI_with_GT\malignant\malignant (187).png,2
data\Dataset_BUSI_with_GT\malignant\malignant (188).png,2
data\Dataset_BUSI_with_GT\malignant\malignant (189).png,2
data\Dataset_BUSI_with_GT\malignant\malignant (19).png,2
data\Dataset_BUSI_with_GT\malignant\malignant (190).png,2
data\Dataset_BUSI_with_GT\malignant\malignant (191).png,2
data\Dataset_BUSI_with_GT\malignant\malignant (192).png,2
data\Dataset_BUSI_with_GT\malignant\malignant (193).png,2
data\Dataset_BUSI_with_GT\malignant\malignant (194).png,2
data\Dataset_BUSI_with_GT\malignant\malignant (195).png,2
data\Dataset_BUSI_with_GT\malignant\malignant (196).png,2
data\Dataset_BUSI_with_GT\malignant\malignant (197).png,2
data\Dataset_BUSI_with_GT\malignant\malignant (198).png,2
data\Dataset_BUSI_with_GT\malignant\malignant (199).png,2
data\Dataset_BUSI_with_GT\malignant\malignant (2).png,2
data\Dataset_BUSI_with_GT\malignant\malignant (20).png,2
data\Dataset_BUSI_with_GT\malignant\malignant (200).png,2
data\Dataset_BUSI_with_GT\malignant\malignant (201).png,2
data\Dataset_BUSI_with_GT\malignant\malignant (202).png,2
data\Dataset_BUSI_with_GT\malignant\malignant (203).png,2
data\Dataset_BUSI_with_GT\malignant\malignant (204).png,2
data\Dataset_BUSI_with_GT\malignant\malignant (205).png,2
data\Dataset_BUSI_with_GT\malignant\malignant (206).png,2
data\Dataset_BUSI_with_GT\malignant\malignant (207).png,2
data\Dataset_BUSI_with_GT\malignant\malignant (208).png,2
data\Dataset_BUSI_with_GT\malignant\malignant (209).png,2
data\Dataset_BUSI_with_GT\malignant\malignant (21).png,2
data\Dataset_BUSI_with_GT\malignant\malignant (210).png,2
data\Dataset_BUSI_with_GT\malignant\malignant (22).png,2
data\Dataset_BUSI_with_GT\malignant\malignant (23).png,2
data\Dataset_BUSI_with_GT\malignant\malignant (24).png,2
data\Dataset_BUSI_with_GT\malignant\malignant (25).png,2
data\Dataset_BUSI_with_GT\malignant\malignant (26).png,2
data\Dataset_BUSI_with_GT\malignant\malignant (27).png,2
data\Dataset_BUSI_with_GT\malignant\malignant (28).png,2
data\Dataset_BUSI_with_GT\malignant\malignant (29).png,2
data\Dataset_BUSI_with_GT\malignant\malignant (3).png,2
data\Dataset_BUSI_with_GT\malignant\malignant (30).png,2
data\Dataset_BUSI_with_GT\malignant\malignant (31).png,2
data\Dataset_BUSI_with_GT\malignant\malignant (32).png,2
data\Dataset_BUSI_with_GT\malignant\malignant (33).png,2
data\Dataset_BUSI_with_GT\malignant\malignant (34).png,2
data\Dataset_BUSI_with_GT\malignant\malignant (35).png,2
data\Dataset_BUSI_with_GT\malignant\malignant (36).png,2
data\Dataset_BUSI_with_GT\malignant\malignant (37).png,2
data\Dataset_BUSI_with_GT\malignant\malignant (38).png,2
data\Dataset_BUSI_with_GT\malignant\malignant (39).png,2
data\Dataset_BUSI_with_GT\malignant\malignant (4).png,2
data\Dataset_BUSI_with_GT\malignant\malignant (40).png,2
data\Dataset_BUSI_with_GT\malignant\malignant (41).png,2
data\Dataset_BUSI_with_GT\malignant\malignant (42).png,2
data\Dataset_BUSI_with_GT\malignant\malignant (43).png,2
data\Dataset_BUSI_with_GT\malignant\malignant (44).png,2
data\Dataset_BUSI_with_GT\malignant\malignant (45).png,2
data\Dataset_BUSI_with_GT\malignant\malignant (46).png,2
data\Dataset_BUSI_with_GT\malignant\malignant (47).png,2
data\Dataset_BUSI_with_GT\malignant\malignant (48).png,2
data\Dataset_BUSI_with_GT\malignant\malignant (49).png,2
data\Dataset_BUSI_with_GT\malignant\malignant (5).png,2
data\Dataset_BUSI_with_GT\malignant\malignant (50).png,2
data\Dataset_BUSI_with_GT\malignant\malignant (51).png,2
data\Dataset_BUSI_with_GT\malignant\malignant (52).png,2
data\Dataset_BUSI_with_GT\malignant\malignant (53).png,2
data\Dataset_BUSI_with_GT\malignant\malignant (54).png,2
data\Dataset_BUSI_with_GT\malignant\malignant (55).png,2
data\Dataset_BUSI_with_GT\malignant\malignant (56).png,2
data\Dataset_BUSI_with_GT\malignant\malignant (57).png,2
data\Dataset_BUSI_with_GT\malignant\malignant (58).png,2
data\Dataset_BUSI_with_GT\malignant\malignant (59).png,2
data\Dataset_BUSI_with_GT\malignant\malignant (6).png,2
data\Dataset_BUSI_with_GT\malignant\malignant (60).png,2
data\Dataset_BUSI_with_GT\malignant\malignant (61).png,2
data\Dataset_BUSI_with_GT\malignant\malignant (62).png,2
data\Dataset_BUSI_with_GT\malignant\malignant (63).png,2
data\Dataset_BUSI_with_GT\malignant\malignant (64).png,2
data\Dataset_BUSI_with_GT\malignant\malignant (65).png,2
data\Dataset_BUSI_with_GT\malignant\malignant (66).png,2
data\Dataset_BUSI_with_GT\malignant\malignant (67).png,2
data\Dataset_BUSI_with_GT\malignant\malignant (68).png,2
data\Dataset_BUSI_with_GT\malignant\malignant (69).png,2
data\Dataset_BUSI_with_GT\malignant\malignant (7).png,2
data\Dataset_BUSI_with_GT\malignant\malignant (70).png,2
data\Dataset_BUSI_with_GT\malignant\malignant (71).png,2
data\Dataset_BUSI_with_GT\malignant\malignant (72).png,2
data\Dataset_BUSI_with_GT\malignant\malignant (73).png,2
data\Dataset_BUSI_with_GT\malignant\malignant (74).png,2
data\Dataset_BUSI_with_GT\malignant\malignant (75).png,2
data\Dataset_BUSI_with_GT\malignant\malignant (76).png,2
data\Dataset_BUSI_with_GT\malignant\malignant (77).png,2
data\Dataset_BUSI_with_GT\malignant\malignant (78).png,2
data\Dataset_BUSI_with_GT\malignant\malignant (79).png,2
data\Dataset_BUSI_with_GT\malignant\malignant (8).png,2
data\Dataset_BUSI_with_GT\malignant\malignant (80).png,2
data\Dataset_BUSI_with_GT\malignant\malignant (81).png,2
data\Dataset_BUSI_with_GT\malignant\malignant (82).png,2
data\Dataset_BUSI_with_GT\malignant\malignant (83).png,2
data\Dataset_BUSI_with_GT\malignant\malignant (84).png,2
data\Dataset_BUSI_with_GT\malignant\malignant (85).png,2
data\Dataset_BUSI_with_GT\malignant\malignant (86).png,2
data\Dataset_BUSI_with_GT\malignant\malignant (87).png,2
data\Dataset_BUSI_with_GT\malignant\malignant (88).png,2
data\Dataset_BUSI_with_GT\malignant\malignant (89).png,2
data\Dataset_BUSI_with_GT\malignant\malignant (9).png,2
data\Dataset_BUSI_with_GT\malignant\malignant (90).png,2
data\Dataset_BUSI_with_GT\malignant\malignant (91).png,2
data\Dataset_BUSI_with_GT\malignant\malignant (92).png,2
data\Dataset_BUSI_with_GT\malignant\malignant (93).png,2
data\Dataset_BUSI_with_GT\malignant\malignant (94).png,2
data\Dataset_BUSI_with_GT\malignant\malignant (95).png,2
data\Dataset_BUSI_with_GT\malignant\malignant (96).png,2
data\Dataset_BUSI_with_GT\malignant\malignant (97).png,2
data\Dataset_BUSI_with_GT\malignant\malignant (98).png,2
data\Dataset_BUSI_with_GT\malignant\malignant (99).png,2
data\Dataset_BUSI_with_GT\normal\normal (1).png,0
data\Dataset_BUSI_with_GT\normal\normal (10).png,0
data\Dataset_BUSI_with_GT\normal\normal (100).png,0
data\Dataset_BUSI_with_GT\normal\normal (101).png,0
data\Dataset_BUSI_with_GT\normal\normal (102).png,0
data\Dataset_BUSI_with_GT\normal\normal (103).png,0
data\Dataset_BUSI_with_GT\normal\normal (104).png,0
data\Dataset_BUSI_with_GT\normal\normal (105).png,0
data\Dataset_BUSI_with_GT\normal\normal (106).png,0
data\Dataset_BUSI_with_GT\normal\normal (107).png,0
data\Dataset_BUSI_with_GT\normal\normal (108).png,0
data\Dataset_BUSI_with_GT\normal\normal (109).png,0
data\Dataset_BUSI_with_GT\normal\normal (11).png,0
data\Dataset_BUSI_with_GT\normal\normal (110).png,0
data\Dataset_BUSI_with_GT\normal\normal (111).png,0
data\Dataset_BUSI_with_GT\normal\normal (112).png,0
data\Dataset_BUSI_with_GT\normal\normal (113).png,0
data\Dataset_BUSI_with_GT\normal\normal (114).png,0
data\Dataset_BUSI_with_GT\normal\normal (115).png,0
data\Dataset_BUSI_with_GT\normal\normal (116).png,0
data\Dataset_BUSI_with_GT\normal\normal (117).png,0
data\Dataset_BUSI_with_GT\normal\normal (118).png,0
data\Dataset_BUSI_with_GT\normal\normal (119).png,0
data\Dataset_BUSI_with_GT\normal\normal (12).png,0
data\Dataset_BUSI_with_GT\normal\normal (120).png,0
data\Dataset_BUSI_with_GT\normal\normal (121).png,0
data\Dataset_BUSI_with_GT\normal\normal (122).png,0
data\Dataset_BUSI_with_GT\normal\normal (123).png,0
data\Dataset_BUSI_with_GT\normal\normal (124).png,0
data\Dataset_BUSI_with_GT\normal\normal (125).png,0
data\Dataset_BUSI_with_GT\normal\normal (126).png,0
data\Dataset_BUSI_with_GT\normal\normal (127).png,0
data\Dataset_BUSI_with_GT\normal\normal (128).png,0
data\Dataset_BUSI_with_GT\normal\normal (129).png,0
data\Dataset_BUSI_with_GT\normal\normal (13).png,0
data\Dataset_BUSI_with_GT\normal\normal (130).png,0
data\Dataset_BUSI_with_GT\normal\normal (131).png,0
data\Dataset_BUSI_with_GT\normal\normal (132).png,0
data\Dataset_BUSI_with_GT\normal\normal (133).png,0
data\Dataset_BUSI_with_GT\normal\normal (14).png,0
data\Dataset_BUSI_with_GT\normal\normal (15).png,0
data\Dataset_BUSI_with_GT\normal\normal (16).png,0
data\Dataset_BUSI_with_GT\normal\normal (17).png,0
data\Dataset_BUSI_with_GT\normal\normal (18).png,0
data\Dataset_BUSI_with_GT\normal\normal (19).png,0
data\Dataset_BUSI_with_GT\normal\normal (2).png,0
data\Dataset_BUSI_with_GT\normal\normal (20).png,0
data\Dataset_BUSI_with_GT\normal\normal (21).png,0
data\Dataset_BUSI_with_GT\normal\normal (22).png,0
data\Dataset_BUSI_with_GT\normal\normal (23).png,0
data\Dataset_BUSI_with_GT\normal\normal (24).png,0
data\Dataset_BUSI_with_GT\normal\normal (25).png,0
data\Dataset_BUSI_with_GT\normal\normal (26).png,0
data\Dataset_BUSI_with_GT\normal\normal (27).png,0
data\Dataset_BUSI_with_GT\normal\normal (28).png,0
data\Dataset_BUSI_with_GT\normal\normal (29).png,0
data\Dataset_BUSI_with_GT\normal\normal (3).png,0
data\Dataset_BUSI_with_GT\normal\normal (30).png,0
data\Dataset_BUSI_with_GT\normal\normal (31).png,0
data\Dataset_BUSI_with_GT\normal\normal (32).png,0
data\Dataset_BUSI_with_GT\normal\normal (33).png,0
data\Dataset_BUSI_with_GT\normal\normal (34).png,0
data\Dataset_BUSI_with_GT\normal\normal (35).png,0
data\Dataset_BUSI_with_GT\normal\normal (36).png,0
data\Dataset_BUSI_with_GT\normal\normal (37).png,0
data\Dataset_BUSI_with_GT\normal\normal (38).png,0
data\Dataset_BUSI_with_GT\normal\normal (39).png,0
data\Dataset_BUSI_with_GT\normal\normal (4).png,0
data\Dataset_BUSI_with_GT\normal\normal (40).png,0
data\Dataset_BUSI_with_GT\normal\normal (41).png,0
data\Dataset_BUSI_with_GT\normal\normal (42).png,0
data\Dataset_BUSI_with_GT\normal\normal (43).png,0
data\Dataset_BUSI_with_GT\normal\normal (44).png,0
data\Dataset_BUSI_with_GT\normal\normal (45).png,0
data\Dataset_BUSI_with_GT\normal\normal (46).png,0
data\Dataset_BUSI_with_GT\normal\normal (47).png,0
data\Dataset_BUSI_with_GT\normal\normal (48).png,0
data\Dataset_BUSI_with_GT\normal\normal (49).png,0
data\Dataset_BUSI_with_GT\normal\normal (5).png,0
data\Dataset_BUSI_with_GT\normal\normal (50).png,0
data\Dataset_BUSI_with_GT\normal\normal (51).png,0
data\Dataset_BUSI_with_GT\normal\normal (52).png,0
data\Dataset_BUSI_with_GT\normal\normal (53).png,0
data\Dataset_BUSI_with_GT\normal\normal (54).png,0
data\Dataset_BUSI_with_GT\normal\normal (55).png,0
data\Dataset_BUSI_with_GT\normal\normal (56).png,0
data\Dataset_BUSI_with_GT\normal\normal (57).png,0
data\Dataset_BUSI_with_GT\normal\normal (58).png,0
data\Dataset_BUSI_with_GT\normal\normal (59).png,0
data\Dataset_BUSI_with_GT\normal\normal (6).png,0
data\Dataset_BUSI_with_GT\normal\normal (60).png,0
data\Dataset_BUSI_with_GT\normal\normal (61).png,0
data\Dataset_BUSI_with_GT\normal\normal (62).png,0
data\Dataset_BUSI_with_GT\normal\normal (63).png,0
data\Dataset_BUSI_with_GT\normal\normal (64).png,0
data\Dataset_BUSI_with_GT\normal\normal (65).png,0
data\Dataset_BUSI_with_GT\normal\normal (66).png,0
data\Dataset_BUSI_with_GT\normal\normal (67).png,0
data\Dataset_BUSI_with_GT\normal\normal (68).png,0
data\Dataset_BUSI_with_GT\normal\normal (69).png,0
data\Dataset_BUSI_with_GT\normal\normal (7).png,0
data\Dataset_BUSI_with_GT\normal\normal (70).png,0
data\Dataset_BUSI_with_GT\normal\normal (71).png,0
data\Dataset_BUSI_with_GT\normal\normal (72).png,0
data\Dataset_BUSI_with_GT\normal\normal (73).png,0
data\Dataset_BUSI_with_GT\normal\normal (74).png,0
data\Dataset_BUSI_with_GT\normal\normal (75).png,0
data\Dataset_BUSI_with_GT\normal\normal (76).png,0
data\Dataset_BUSI_with_GT\normal\normal (77).png,0
data\Dataset_BUSI_with_GT\normal\normal (78).png,0
data\Dataset_BUSI_with_GT\normal\normal (79).png,0
data\Dataset_BUSI_with_GT\normal\normal (8).png,0
data\Dataset_BUSI_with_GT\normal\normal (80).png,0
data\Dataset_BUSI_with_GT\normal\normal (81).png,0
data\Dataset_BUSI_with_GT\normal\normal (82).png,0
data\Dataset_BUSI_with_GT\normal\normal (83).png,0
data\Dataset_BUSI_with_GT\normal\normal (84).png,0
data\Dataset_BUSI_with_GT\normal\normal (85).png,0
data\Dataset_BUSI_with_GT\normal\normal (86).png,0
data\Dataset_BUSI_with_GT\normal\normal (87).png,0
data\Dataset_BUSI_with_GT\normal\normal (88).png,0
data\Dataset_BUSI_with_GT\normal\normal (89).png,0
data\Dataset_BUSI_with_GT\normal\normal (9).png,0
data\Dataset_BUSI_with_GT\normal\normal (90).png,0
data\Dataset_BUSI_with_GT\normal\normal (91).png,0
data\Dataset_BUSI_with_GT\normal\normal (92).png,0
data\Dataset_BUSI_with_GT\normal\normal (93).png,0
data\Dataset_BUSI_with_GT\normal\normal (94).png,0
data\Dataset_BUSI_with_GT\normal\normal (95).png,0
data\Dataset_BUSI_with_GT\normal\normal (96).png,0
data\Dataset_BUSI_with_GT\normal\normal (97).png,0
data\Dataset_BUSI_with_GT\normal\normal (98).png,0
data\Dataset_BUSI_with_GT\normal\normal (99).png,0




